Day,Clicks,Impressions,CTR,Currency Code,Avg CPC,Cost,Impressions Abs Top %,Impressions Top %,Conversions,View-throu gh conv,Cost _ conv,Conv rate
2025-11-04,0.0,424.0,0.00%,CAD,0.0,0.0,0.00%,20.00%,0.0,0.0,0.0,0
2025-11-03,11.0,1976.0,0.56%,CAD,1.57,17.26,19.23%,38.46%,0.0,0.0,0.0,0.00%
2025-11-01,20.0,1239.0,1.61%,CAD,1.26,25.21,18.18%,54.55%,1.0,0.0,25.21,5.00%
2025-10-31,3.0,1471.0,0.20%,CAD,2.02,6.06,7.69%,19.23%,0.0,0.0,0.0,0.00%
2025-10-30,8.0,1817.0,0.44%,CAD,2.27,18.14,27.27%,36.36%,0.0,0.0,0.0,0.00%
2025-10-29,8.0,835.0,0.96%,CAD,2.89,23.11,5.56%,33.33%,2.0,0.0,11.56,25.00%
2025-10-28,10.0,1190.0,0.84%,CAD,2.36,23.55,27.27%,40.91%,0.0,0.0,0.0,0.00%
2025-10-27,21.0,1686.0,1.25%,CAD,1.89,39.65,16.67%,23.33%,6.0,0.0,6.61,28.57%
2025-10-25,1.0,863.0,0.12%,CAD,1.76,1.76,0.00%,0.00%,0.0,0.0,0.0,0.00%
2025-10-24,12.0,1420.0,0.85%,CAD,1.41,16.93,3.45%,24.14%,0.0,0.0,0.0,0.00%
2025-10-23,15.0,1273.0,1.18%,CAD,1.46,21.94,10.00%,40.00%,5.0,0.0,4.39,33.33%
2025-10-22,12.0,1634.0,0.73%,CAD,1.75,20.98,16.22%,32.43%,0.0,0.0,0.0,0.00%
2025-10-21,9.0,1696.0,0.53%,CAD,2.33,20.93,12.50%,58.33%,1.0,0.0,20.93,11.11%
2025-10-20,10.0,1331.0,0.75%,CAD,3.26,32.56,10.81%,29.73%,1.0,0.0,32.56,10.00%
2025-10-18,14.0,912.0,1.54%,CAD,0.92,12.85,0.00%,14.29%,1.0,0.0,12.85,7.14%
2025-10-17,11.0,793.0,1.39%,CAD,1.96,21.51,10.34%,27.59%,1.0,0.0,21.51,9.09%
2025-10-16,18.0,1581.0,1.14%,CAD,0.95,17.08,8.82%,26.47%,1.0,0.0,17.08,5.56%
2025-10-15,15.0,586.0,2.56%,CAD,1.51,22.68,26.67%,46.67%,3.0,0.0,7.56,20.00%
2025-10-14,11.0,2643.0,0.42%,CAD,1.95,21.47,14.75%,32.79%,0.0,0.0,0.0,0.00%
2025-10-13,12.0,2331.0,0.51%,CAD,1.87,22.41,10.53%,36.84%,1.0,0.0,22.41,8.33%
2025-10-11,12.0,1589.0,0.76%,CAD,1.61,19.29,12.50%,25.00%,3.0,0.0,6.43,25.00%
2025-10-10,17.0,1931.0,0.88%,CAD,1.17,19.96,0.00%,16.67%,0.0,0.0,0.0,0.00%
2025-10-09,10.0,1364.0,0.73%,CAD,1.9,19.05,17.39%,52.17%,6.0,0.0,3.17,60.00%
2025-10-08,12.0,1557.0,0.77%,CAD,2.02,24.27,15.38%,30.77%,2.0,0.0,12.13,16.67%
2025-10-07,10.0,1774.0,0.56%,CAD,2.2,21.98,28.57%,28.57%,0.0,0.0,0.0,0.00%
2025-10-06,11.0,1679.0,0.66%,CAD,2.14,23.51,0.00%,15.38%,2.0,0.0,11.76,18.18%
2025-10-05,0.0,0.0,0,CAD,0.0,0.0,0,0,0.0,0.0,0.0,0
2025-10-04,12.0,1338.0,0.90%,CAD,2.05,24.62,12.50%,25.00%,0.0,0.0,0.0,0.00%
2025-10-03,19.0,3265.0,0.58%,CAD,1.13,21.5,8.00%,24.00%,1.0,0.0,21.5,5.26%
2025-10-02,10.0,2893.0,0.35%,CAD,2.04,20.38,12.90%,25.81%,0.0,0.0,0.0,0.00%
2025-10-01,16.0,2331.0,0.69%,CAD,1.26,20.17,14.29%,38.10%,0.0,0.0,0.0,0.00%
2025-09-30,5.0,1446.0,0.35%,CAD,2.81,14.07,0.00%,16.67%,0.0,0.0,0.0,0.00%
2025-09-29,7.0,1600.0,0.44%,CAD,2.23,15.64,33.33%,91.67%,0.0,0.0,0.0,0.00%
2025-09-28,0.0,0.0,0,CAD,0.0,0.0,0,0,0.0,0.0,0.0,0
2025-09-27,15.0,1346.0,1.11%,CAD,1.34,20.03,0.00%,22.22%,1.0,0.0,20.03,6.67%
2025-09-26,14.0,2563.0,0.55%,CAD,1.53,21.43,14.81%,40.74%,2.0,0.0,10.72,14.29%
2025-09-25,13.0,1572.0,0.83%,CAD,1.64,21.34,0.00%,12.50%,0.0,0.0,0.0,0.00%
2025-09-24,16.0,2655.0,0.60%,CAD,1.51,24.14,13.64%,40.91%,1.0,0.0,24.14,6.25%
2025-09-23,16.0,2732.0,0.59%,CAD,1.35,21.64,46.88%,75.00%,2.0,0.0,10.82,12.50%
2025-09-22,12.0,2067.0,0.58%,CAD,3.02,36.2,28.00%,52.00%,0.0,0.0,0.0,0.00%
2025-09-21,0.0,0.0,0,CAD,0.0,0.0,0,0,0.0,0.0,0.0,0
2025-09-20,20.0,4197.0,0.48%,CAD,1.2,24.06,9.09%,36.36%,0.0,0.0,0.0,0.00%
2025-09-19,4.0,1621.0,0.25%,CAD,1.43,5.73,0.00%,40.00%,1.0,0.0,5.73,25.00%
2025-09-18,27.0,3604.0,0.75%,CAD,1.29,34.83,2.78%,38.89%,0.0,0.0,0.0,0.00%
2025-09-17,2.0,1794.0,0.11%,CAD,1.4,2.8,5.00%,45.00%,0.0,0.0,0.0,0.00%
2025-09-16,13.0,1900.0,0.68%,CAD,1.46,18.97,0.00%,20.00%,0.0,0.0,0.0,0.00%
2025-09-15,20.0,2298.0,0.87%,CAD,1.06,21.25,0.00%,0.00%,2.0,0.0,10.63,10.00%
2025-09-14,0.0,0.0,0,CAD,0.0,0.0,0,0,0.0,0.0,0.0,0
2025-09-13,34.0,2815.0,1.21%,CAD,0.61,20.64,0.00%,25.00%,0.0,0.0,0.0,0.00%
2025-09-12,33.0,4159.0,0.79%,CAD,0.82,26.99,0.00%,35.71%,0.0,0.0,0.0,0.00%
2025-09-11,13.0,2124.0,0.61%,CAD,1.24,16.16,27.27%,45.45%,3.0,0.0,5.39,23.08%
2025-09-10,20.0,2875.0,0.70%,CAD,1.29,25.73,4.35%,13.04%,0.0,0.0,0.0,0.00%
2025-09-09,20.0,2923.0,0.68%,CAD,1.4,28.03,14.29%,47.62%,1.0,0.0,28.03,5.00%
2025-09-08,9.0,2509.0,0.36%,CAD,2.72,24.51,17.65%,29.41%,0.0,0.0,0.0,0.00%
2025-09-07,0.0,0.0,0,CAD,0.0,0.0,0,0,0.0,0.0,0.0,0
2025-09-06,17.0,3468.0,0.49%,CAD,0.89,15.05,0.00%,20.00%,4.0,0.0,3.76,23.53%
2025-09-05,12.0,1840.0,0.65%,CAD,1.64,19.63,7.69%,23.08%,0.0,0.0,0.0,0.00%
2025-09-04,8.0,3449.0,0.23%,CAD,1.13,9.05,0.00%,29.41%,1.0,0.0,9.05,12.50%
2025-09-03,18.0,3884.0,0.46%,CAD,1.21,21.73,11.11%,22.22%,1.0,0.0,21.73,5.56%
2025-09-02,11.0,3215.0,0.34%,CAD,2.18,23.98,17.65%,35.29%,9.0,0.0,2.66,81.82%
2025-09-01,18.0,3414.0,0.53%,CAD,1.66,29.9,18.18%,63.64%,2.0,0.0,14.95,11.11%
2025-08-31,0.0,0.0,0,CAD,0.0,0.0,0,0,0.0,0.0,0.0,0
2025-08-30,18.0,2902.0,0.62%,CAD,0.91,16.37,0.00%,16.67%,0.0,0.0,0.0,0.00%
2025-08-29,26.0,2795.0,0.93%,CAD,0.57,14.84,25.00%,50.00%,1.0,0.0,14.84,3.85%
2025-08-28,35.0,2982.0,1.17%,CAD,0.92,32.16,7.69%,38.46%,0.93,0.0,34.63,2.65%
2025-08-27,21.0,3533.0,0.59%,CAD,0.58,12.23,0.00%,25.00%,1.0,0.0,12.23,4.76%
2025-08-26,52.0,5147.0,1.01%,CAD,0.41,21.43,0.00%,7.14%,1.07,0.0,20.0,2.06%
2025-08-25,40.0,5760.0,0.69%,CAD,0.6,23.88,0.00%,29.17%,0.0,0.0,0.0,0.00%
2025-08-24,0.0,0.0,0,CAD,0.0,0.0,0,0,0.0,0.0,0.0,0
2025-08-23,28.0,3082.0,0.91%,CAD,0.61,17.19,0.00%,8.33%,1.0,0.0,17.19,3.57%
2025-08-22,19.0,2622.0,0.72%,CAD,0.97,18.38,0.00%,33.33%,3.0,0.0,6.13,15.79%
2025-08-21,12.0,3505.0,0.34%,CAD,1.5,18.02,4.35%,39.13%,2.0,0.0,9.01,16.67%
2025-08-20,26.0,5201.0,0.50%,CAD,0.76,19.86,11.43%,34.29%,0.0,0.0,0.0,0.00%
2025-08-19,10.0,2463.0,0.41%,CAD,2.3,22.97,0.00%,31.25%,4.0,0.0,5.74,40.00%
2025-08-18,15.0,4710.0,0.32%,CAD,1.25,18.8,11.54%,30.77%,0.0,0.0,0.0,0.00%
2025-08-17,0.0,0.0,0,CAD,0.0,0.0,0,0,0.0,0.0,0.0,0
2025-08-16,30.0,4540.0,0.66%,CAD,1.09,32.58,4.76%,33.33%,0.0,0.0,0.0,0.00%
2025-08-15,4.0,3028.0,0.13%,CAD,1.63,6.53,11.54%,38.46%,2.0,0.0,3.26,50.00%
2025-08-14,19.0,2051.0,0.93%,CAD,1.29,24.44,14.29%,42.86%,2.0,0.0,12.22,10.53%
2025-08-13,23.0,4161.0,0.55%,CAD,1.16,26.58,11.76%,41.18%,1.0,0.0,26.58,4.35%
2025-08-12,41.0,7147.0,0.57%,CAD,0.81,33.26,0.00%,38.46%,4.0,0.0,8.31,9.76%
2025-08-11,52.0,7534.0,0.69%,CAD,0.72,37.37,6.06%,21.21%,1.0,0.0,37.37,1.92%
2025-08-10,0.0,0.0,0,CAD,0.0,0.0,0,0,0.0,0.0,0.0,0
2025-08-09,74.0,8122.0,0.91%,CAD,0.34,24.9,0.00%,0.00%,1.0,0.0,24.9,1.35%
2025-08-08,0.0,583.0,0.00%,CAD,0.0,0.0,0.00%,0.00%,0.0,0.0,0.0,0
2025-08-07,45.0,6174.0,0.73%,CAD,0.38,16.94,0,0,0.0,0.0,0.0,0.00%
2025-08-06,55.0,6944.0,0.79%,CAD,0.44,24.21,0.00%,16.67%,0.0,0.0,0.0,0.00%
2025-08-05,41.0,5949.0,0.69%,CAD,0.51,20.71,0.00%,0.00%,0.0,0.0,0.0,0.00%
2025-08-04,31.0,5166.0,0.60%,CAD,0.64,19.98,0.00%,33.33%,1.0,0.0,19.98,3.23%
2025-08-03,0.0,0.0,0,CAD,0.0,0.0,0,0,0.0,0.0,0.0,0
2025-08-02,41.0,4760.0,0.86%,CAD,0.49,20.24,0.00%,0.00%,0.0,0.0,0.0,0.00%
2025-08-01,29.0,4661.0,0.62%,CAD,0.5,14.5,12.50%,12.50%,1.0,0.0,14.5,3.45%
2025-07-31,18.0,4735.0,0.38%,CAD,0.9,16.23,0.00%,7.69%,0.0,0.0,0.0,0.00%
2025-07-30,18.0,4381.0,0.41%,CAD,0.99,17.89,7.69%,34.62%,1.0,0.0,17.89,5.56%
2025-07-29,14.0,3172.0,0.44%,CAD,1.16,16.18,0.00%,25.00%,1.0,0.0,16.18,7.14%
2025-07-28,22.0,6233.0,0.35%,CAD,0.84,18.57,5.88%,29.41%,1.0,0.0,18.57,4.55%
2025-07-27,0.0,0.0,0,CAD,0.0,0.0,0,0,0.0,0.0,0.0,0
2025-07-26,13.0,3341.0,0.39%,CAD,1.85,24.03,0.00%,33.33%,1.0,0.0,24.03,7.69%
2025-07-25,17.0,5095.0,0.33%,CAD,1.37,23.3,5.88%,52.94%,0.0,0.0,0.0,0.00%
2025-07-24,14.0,4126.0,0.34%,CAD,1.73,24.15,6.45%,38.71%,1.0,0.0,24.15,7.14%
2025-07-23,12.0,2648.0,0.45%,CAD,1.81,21.75,18.18%,45.45%,1.0,0.0,21.75,8.33%
2025-07-22,10.0,4800.0,0.21%,CAD,1.65,16.49,9.68%,37.10%,0.0,0.0,0.0,0.00%
2025-07-21,24.0,7454.0,0.32%,CAD,1.34,32.1,2.56%,38.46%,0.0,0.0,0.0,0.00%
2025-07-20,0.0,0.0,0,CAD,0.0,0.0,0,0,0.0,0.0,0.0,0
2025-07-19,39.0,3719.0,1.05%,CAD,0.63,24.46,0.00%,0.00%,2.0,0.0,12.23,5.13%
2025-07-18,49.0,4174.0,1.17%,CAD,0.37,18.23,75.00%,100.00%,1.0,0.0,18.23,2.04%
2025-07-17,52.0,4809.0,1.08%,CAD,0.4,20.7,0.00%,100.00%,2.0,0.0,10.35,3.85%
2025-07-16,39.0,4964.0,0.79%,CAD,0.44,17.1,0.00%,0.00%,1.0,0.0,17.1,2.56%
2025-07-15,48.0,4661.0,1.03%,CAD,0.43,20.65,0.00%,0.00%,0.0,0.0,0.0,0.00%
2025-07-14,36.0,4539.0,0.79%,CAD,0.57,20.45,0.00%,33.33%,4.0,0.0,5.11,11.11%
2025-07-13,0.0,0.0,0,CAD,0.0,0.0,0,0,0.0,0.0,0.0,0
2025-07-12,41.0,4794.0,0.86%,CAD,0.38,15.5,0.00%,20.00%,0.0,0.0,0.0,0.00%
2025-07-11,29.0,2537.0,1.14%,CAD,0.61,17.61,28.57%,28.57%,1.0,0.0,17.61,3.45%
2025-07-10,25.0,2928.0,0.85%,CAD,0.77,19.31,0.00%,33.33%,1.0,0.0,19.31,4.00%
2025-07-09,16.0,3380.0,0.47%,CAD,1.14,18.3,42.86%,57.14%,0.0,0.0,0.0,0.00%
2025-07-08,24.0,2360.0,1.02%,CAD,0.89,21.27,0.00%,0.00%,0.0,0.0,0.0,0.00%
2025-07-07,15.0,1839.0,0.82%,CAD,1.36,20.33,0.00%,0.00%,1.0,0.0,20.33,6.67%
2025-07-06,0.0,0.0,0,CAD,0.0,0.0,0,0,0.0,0.0,0.0,0
2025-07-05,14.0,1892.0,0.74%,CAD,1.59,22.28,0.00%,0.00%,0.0,0.0,0.0,0.00%
2025-07-04,9.0,2795.0,0.32%,CAD,2.32,20.9,10.71%,39.29%,1.0,0.0,20.9,11.11%
2025-07-03,16.0,3625.0,0.44%,CAD,1.71,27.38,0.00%,30.00%,0.0,0.0,0.0,0.00%
2025-07-02,9.0,2761.0,0.33%,CAD,2.56,23.08,3.85%,42.31%,0.0,0.0,0.0,0.00%
2025-07-01,20.0,5640.0,0.35%,CAD,1.3,26.01,9.09%,51.52%,1.0,0.0,26.01,5.00%
2025-06-30,9.0,879.0,1.02%,CAD,1.59,14.3,28.57%,57.14%,0.0,0.0,0.0,0.00%
2025-06-29,0.0,0.0,0,CAD,0.0,0.0,0,0,0.0,0.0,0.0,0
2025-06-28,18.0,3326.0,0.54%,CAD,1.43,25.75,6.67%,26.67%,0.0,0.0,0.0,0.00%
2025-06-27,19.0,3432.0,0.55%,CAD,1.03,19.56,4.35%,47.83%,3.0,0.0,6.52,15.79%
2025-06-26,33.0,3144.0,1.05%,CAD,1.26,41.74,9.09%,27.27%,0.0,0.0,0.0,0.00%
2025-06-25,13.0,2757.0,0.47%,CAD,0.37,4.81,9.09%,36.36%,2.0,0.0,2.4,15.38%
2025-06-24,33.0,3400.0,0.97%,CAD,0.42,13.84,0.00%,0.00%,0.0,0.0,0.0,0.00%
2025-06-23,28.0,3149.0,0.89%,CAD,0.64,17.89,0.00%,25.00%,0.0,0.0,0.0,0.00%
2025-06-22,0.0,0.0,0,CAD,0.0,0.0,0,0,0.0,0.0,0.0,0
2025-06-21,30.0,3433.0,0.87%,CAD,0.51,15.17,0.00%,0.00%,0.0,0.0,0.0,0.00%
2025-06-20,31.0,4206.0,0.74%,CAD,0.71,21.99,33.33%,33.33%,1.0,0.0,21.99,3.23%
2025-06-19,33.0,3647.0,0.90%,CAD,0.73,23.95,0.00%,36.36%,0.0,0.0,0.0,0.00%
2025-06-18,29.0,3705.0,0.78%,CAD,0.87,25.25,0.00%,16.67%,2.0,0.0,12.63,6.90%
2025-06-17,25.0,4474.0,0.56%,CAD,0.79,19.71,8.00%,16.00%,1.0,0.0,19.71,4.00%
2025-06-16,49.0,5904.0,0.83%,CAD,0.68,33.27,2.86%,28.57%,2.0,0.0,16.64,4.08%
2025-06-15,0.0,0.0,0,CAD,0.0,0.0,0,0,0.0,0.0,0.0,0
2025-06-14,4.0,2754.0,0.15%,CAD,1.34,5.37,0.00%,25.00%,0.0,0.0,0.0,0.00%
2025-06-13,22.0,3310.0,0.66%,CAD,1.01,22.19,10.53%,10.53%,3.0,0.0,7.4,13.64%
2025-06-12,27.0,6282.0,0.43%,CAD,1.14,30.88,9.09%,45.45%,1.0,0.0,30.88,3.70%
2025-06-11,9.0,4220.0,0.21%,CAD,1.26,11.33,11.54%,38.46%,2.0,0.0,5.66,22.22%
2025-06-10,14.0,5595.0,0.25%,CAD,1.53,21.41,4.00%,24.00%,0.0,0.0,0.0,0.00%
2025-06-09,16.0,3125.0,0.51%,CAD,1.28,20.43,31.58%,68.42%,0.0,0.0,0.0,0.00%
2025-06-08,0.0,0.0,0,CAD,0.0,0.0,0,0,0.0,0.0,0.0,0
2025-06-07,21.0,2872.0,0.73%,CAD,1.05,22.08,16.67%,66.67%,1.0,0.0,22.08,4.76%
2025-06-06,10.0,1967.0,0.51%,CAD,2.09,20.89,18.18%,36.36%,1.0,0.0,20.89,10.00%
2025-06-05,8.0,2763.0,0.29%,CAD,2.99,23.88,15.79%,52.63%,1.0,0.0,23.88,12.50%
2025-06-04,8.0,3744.0,0.21%,CAD,2.73,21.81,5.26%,28.95%,2.0,0.0,10.91,25.00%
2025-06-03,6.0,1994.0,0.30%,CAD,3.9,23.42,23.08%,46.15%,0.0,0.0,0.0,0.00%
2025-06-02,7.0,3228.0,0.22%,CAD,3.12,21.81,16.67%,52.08%,0.0,0.0,0.0,0.00%
2025-06-01,0.0,0.0,0,CAD,0.0,0.0,0,0,0.0,0.0,0.0,0
2025-05-31,13.0,1730.0,0.75%,CAD,1.14,14.85,33.33%,44.44%,1.0,0.0,14.85,7.69%
2025-05-30,9.0,2493.0,0.36%,CAD,1.75,15.72,10.00%,40.00%,0.0,0.0,0.0,0.00%
2025-05-29,4.0,1739.0,0.23%,CAD,4.38,17.53,15.79%,52.63%,0.0,0.0,0.0,0.00%
2025-05-28,5.0,3887.0,0.13%,CAD,4.3,21.51,19.23%,53.85%,0.0,0.0,0.0,0.00%
2025-05-27,7.0,3023.0,0.23%,CAD,2.79,19.53,43.48%,73.91%,0.0,0.0,0.0,0.00%
2025-05-26,6.0,1398.0,0.43%,CAD,4.36,26.17,11.11%,66.67%,1.0,0.0,26.17,16.67%
2025-05-25,0.0,0.0,0,CAD,0.0,0.0,0,0,0.0,0.0,0.0,0
2025-05-24,12.0,5250.0,0.23%,CAD,2.1,25.25,9.52%,28.57%,0.0,0.0,0.0,0.00%
2025-05-23,29.0,4135.0,0.70%,CAD,0.5,14.62,0.00%,35.29%,2.0,0.0,7.31,6.90%
2025-05-22,10.0,1749.0,0.57%,CAD,2.03,20.25,20.00%,60.00%,2.0,0.0,10.13,20.00%
2025-05-21,11.0,2039.0,0.54%,CAD,1.83,20.1,9.09%,45.45%,0.0,0.0,0.0,0.00%
2025-05-20,9.0,3324.0,0.27%,CAD,2.19,19.69,23.53%,64.71%,0.0,0.0,0.0,0.00%
2025-05-19,12.0,4174.0,0.29%,CAD,1.74,20.85,16.67%,75.00%,2.0,0.0,10.42,16.67%
2025-05-18,0.0,0.0,0,CAD,0.0,0.0,0,0,0.0,0.0,0.0,0
2025-05-17,31.0,3934.0,0.79%,CAD,0.69,21.37,14.29%,85.71%,1.0,0.0,21.37,3.23%
2025-05-16,24.0,4118.0,0.58%,CAD,0.6,14.49,25.00%,33.33%,0.0,0.0,0.0,0.00%
2025-05-15,17.0,3762.0,0.45%,CAD,1.2,20.38,18.75%,68.75%,4.0,0.0,5.09,23.53%
2025-05-14,19.0,3971.0,0.48%,CAD,1.15,21.88,12.90%,48.39%,3.0,0.0,7.29,15.79%
2025-05-13,22.0,3318.0,0.66%,CAD,0.91,20.1,19.05%,76.19%,1.0,0.0,20.1,4.55%
2025-05-12,14.0,2255.0,0.62%,CAD,1.57,22.04,22.22%,77.78%,0.0,0.0,0.0,0.00%
2025-05-11,0.0,0.0,0,CAD,0.0,0.0,0,0,0.0,0.0,0.0,0
2025-05-10,18.0,3530.0,0.51%,CAD,1.28,23.01,33.33%,66.67%,1.0,0.0,23.01,5.56%
2025-05-09,14.0,2076.0,0.67%,CAD,1.48,20.67,50.00%,100.00%,1.0,0.0,20.67,7.14%
2025-05-08,17.0,3405.0,0.50%,CAD,1.28,21.78,25.00%,70.83%,0.0,0.0,0.0,0.00%
2025-05-07,9.0,2629.0,0.34%,CAD,2.89,25.99,22.22%,88.89%,2.0,0.0,13.0,22.22%
2025-05-06,6.0,3004.0,0.20%,CAD,4.44,26.63,42.86%,67.86%,0.0,0.0,0.0,0.00%
2025-05-05,5.0,2614.0,0.19%,CAD,5.09,25.43,43.75%,87.50%,0.0,0.0,0.0,0.00%
2025-05-04,0.0,0.0,0,CAD,0.0,0.0,0,0,0.0,0.0,0.0,0
2025-05-03,10.0,2554.0,0.39%,CAD,3.2,31.96,0.00%,40.00%,0.0,0.0,0.0,0.00%
2025-05-02,6.0,3728.0,0.16%,CAD,1.51,9.05,9.68%,38.71%,0.0,0.0,0.0,0.00%
2025-05-01,11.0,3932.0,0.28%,CAD,2.15,23.68,5.00%,22.50%,1.0,0.0,23.68,9.09%
2025-04-30,7.0,2872.0,0.24%,CAD,2.59,18.11,5.00%,55.00%,0.0,0.0,0.0,0.00%
2025-04-29,9.0,3942.0,0.23%,CAD,2.12,19.06,20.00%,36.00%,0.0,0.0,0.0,0.00%
2025-04-28,10.0,3570.0,0.28%,CAD,2.12,21.16,8.57%,37.14%,1.0,0.0,21.16,10.00%
2025-04-27,0.0,0.0,0,CAD,0.0,0.0,0,0,0.0,0.0,0.0,0
2025-04-26,29.0,4510.0,0.64%,CAD,0.92,26.67,18.75%,62.50%,0.0,0.0,0.0,0.00%
2025-04-25,15.0,3577.0,0.42%,CAD,1.15,17.25,18.52%,40.74%,0.0,0.0,0.0,0.00%
2025-04-24,37.0,5805.0,0.64%,CAD,0.42,15.39,0.00%,29.41%,4.0,0.0,3.85,10.81%
2025-04-23,35.0,6000.0,0.58%,CAD,0.48,16.92,4.35%,43.48%,1.0,0.0,16.92,2.86%
2025-04-22,37.0,5361.0,0.69%,CAD,0.75,27.57,28.57%,47.62%,2.0,0.0,13.79,5.41%
2025-04-21,43.0,4246.0,1.01%,CAD,0.61,26.02,8.00%,32.00%,3.0,0.0,8.67,6.98%
2025-04-20,0.0,0.0,0,CAD,0.0,0.0,0,0,0.0,0.0,0.0,0
2025-04-19,29.0,3798.0,0.76%,CAD,0.69,20.02,0.00%,66.67%,1.0,0.0,20.02,3.45%
2025-04-18,36.0,4911.0,0.73%,CAD,0.41,14.58,14.29%,21.43%,2.0,0.0,7.29,5.56%
2025-04-17,33.0,3637.0,0.91%,CAD,0.87,28.76,17.39%,47.83%,2.0,0.0,14.38,6.06%
2025-04-16,45.0,9845.0,0.46%,CAD,0.51,23.03,7.32%,31.71%,1.0,0.0,23.03,2.22%
2025-04-15,37.0,5243.0,0.71%,CAD,0.36,13.32,10.53%,36.84%,0.0,0.0,0.0,0.00%
2025-04-14,23.0,4764.0,0.48%,CAD,0.79,18.24,5.26%,26.32%,1.0,0.0,18.24,4.35%
2025-04-13,0.0,0.0,0,CAD,0.0,0.0,0,0,0.0,0.0,0.0,0
2025-04-12,27.0,2456.0,1.10%,CAD,0.75,20.21,0.00%,14.29%,0.0,0.0,0.0,0.00%
2025-04-11,30.0,3179.0,0.94%,CAD,0.71,21.42,0,0,2.0,0.0,10.71,6.67%
2025-04-10,22.0,2741.0,0.80%,CAD,1.04,22.89,0,0,2.0,0.0,11.44,9.09%
2025-04-09,15.0,2787.0,0.54%,CAD,1.52,22.86,0,0,0.0,0.0,0.0,0.00%
2025-04-08,15.0,2516.0,0.60%,CAD,1.29,19.4,0.00%,53.85%,1.0,0.0,19.4,6.67%
2025-04-07,5.0,2079.0,0.24%,CAD,4.88,24.4,9.52%,66.67%,0.0,0.0,0.0,0.00%
2025-04-06,0.0,0.0,0,CAD,0.0,0.0,0,0,0.0,0.0,0.0,0
2025-04-05,15.0,2189.0,0.69%,CAD,1.87,28.11,8.33%,50.00%,0.0,0.0,0.0,0.00%
2025-04-04,8.0,5422.0,0.15%,CAD,1.83,14.62,8.62%,53.45%,1.0,0.0,14.62,12.50%
2025-04-03,6.0,3478.0,0.17%,CAD,3.54,21.25,7.41%,37.04%,0.0,0.0,0.0,0.00%
2025-04-02,6.0,4663.0,0.13%,CAD,3.58,21.47,18.60%,48.84%,0.0,0.0,0.0,0.00%
2025-04-01,5.0,2543.0,0.20%,CAD,4.59,22.95,5.56%,44.44%,0.0,0.0,0.0,0.00%
2025-03-31,5.0,1190.0,0.42%,CAD,3.47,17.36,33.33%,66.67%,1.0,0.0,17.36,20.00%
2025-03-30,0.0,0.0,0,CAD,0.0,0.0,0,0,0.0,0.0,0.0,0
2025-03-29,9.0,5758.0,0.16%,CAD,2.8,25.19,14.29%,28.57%,0.0,0.0,0.0,0.00%
2025-03-28,6.0,4316.0,0.14%,CAD,1.81,10.83,0.00%,30.77%,2.0,0.0,5.42,33.33%
2025-03-27,10.0,2423.0,0.41%,CAD,1.86,18.58,19.05%,38.10%,0.0,0.0,0.0,0.00%
2025-03-26,9.0,3620.0,0.25%,CAD,1.96,17.67,10.87%,23.91%,0.0,0.0,0.0,0.00%
2025-03-25,26.0,3865.0,0.67%,CAD,0.69,18.05,7.41%,22.22%,1.0,0.0,18.05,3.85%
2025-03-24,15.0,1790.0,0.84%,CAD,1.29,19.4,7.41%,33.33%,1.0,0.0,19.4,6.67%
2025-03-23,0.0,0.0,0,CAD,0.0,0.0,0,0,0.0,0.0,0.0,0
2025-03-22,25.0,2544.0,0.98%,CAD,0.9,22.5,16.67%,75.00%,0.0,0.0,0.0,0.00%
2025-03-21,18.0,2949.0,0.61%,CAD,1.4,25.12,27.27%,45.45%,0.0,0.0,0.0,0.00%
2025-03-20,23.0,3861.0,0.60%,CAD,1.12,25.84,5.26%,52.63%,1.0,0.0,25.84,4.35%
2025-03-19,10.0,3132.0,0.32%,CAD,2.95,29.51,20.83%,50.00%,4.0,0.0,7.38,40.00%
2025-03-18,49.0,4841.0,1.01%,CAD,0.44,21.72,8.70%,21.74%,0.0,0.0,0.0,0.00%
2025-03-17,52.0,4911.0,1.06%,CAD,0.81,41.98,11.11%,25.93%,0.0,0.0,0.0,0.00%
2025-03-16,0.0,0.0,0,CAD,0.0,0.0,0,0,0.0,0.0,0.0,0
2025-03-15,0.0,708.0,0.00%,CAD,0.0,0.0,0.00%,0.00%,0.0,0.0,0.0,0
2025-03-14,20.0,2229.0,0.90%,CAD,0.79,15.71,25.00%,25.00%,0.0,0.0,0.0,0.00%
2025-03-13,21.0,2689.0,0.78%,CAD,0.72,15.15,0.00%,0.00%,0.0,0.0,0.0,0.00%
2025-03-12,25.0,3297.0,0.76%,CAD,0.76,19.05,11.11%,44.44%,1.0,0.0,19.05,4.00%
2025-03-11,21.0,4136.0,0.51%,CAD,0.73,15.33,9.09%,27.27%,0.0,0.0,0.0,0.00%
2025-03-10,13.0,1678.0,0.77%,CAD,1.48,19.25,0.00%,28.57%,0.0,0.0,0.0,0.00%
2025-03-09,0.0,0.0,0,CAD,0.0,0.0,0,0,0.0,0.0,0.0,0
2025-03-08,18.0,2384.0,0.76%,CAD,1.31,23.55,0.00%,50.00%,0.0,0.0,0.0,0.00%
2025-03-07,25.0,5566.0,0.45%,CAD,0.81,20.27,4.17%,33.33%,0.0,0.0,0.0,0.00%
2025-03-06,16.0,3962.0,0.40%,CAD,1.17,18.71,0.00%,22.22%,1.0,0.0,18.71,6.25%
2025-03-05,17.0,4044.0,0.42%,CAD,1.48,25.22,16.67%,58.33%,1.0,0.0,25.22,5.88%
2025-03-04,21.0,5382.0,0.39%,CAD,1.17,24.54,10.34%,44.83%,0.0,0.0,0.0,0.00%
2025-03-03,17.0,4371.0,0.39%,CAD,1.71,29.08,33.33%,53.33%,1.0,0.0,29.08,5.88%
2025-03-02,0.0,0.0,0,CAD,0.0,0.0,0,0,0.0,0.0,0.0,0
2025-03-01,26.0,4834.0,0.54%,CAD,0.99,25.72,0.00%,66.67%,0.0,0.0,0.0,0.00%
2025-02-28,3.0,2989.0,0.10%,CAD,1.6,4.79,4.55%,27.27%,0.0,0.0,0.0,0.00%
2025-02-27,29.0,4666.0,0.62%,CAD,0.92,26.82,16.67%,45.83%,0.0,0.0,0.0,0.00%
2025-02-26,5.0,1965.0,0.25%,CAD,1.32,6.61,7.14%,28.57%,0.0,0.0,0.0,0.00%
2025-02-25,32.0,3731.0,0.86%,CAD,0.77,24.72,22.22%,22.22%,1.0,0.0,24.72,3.13%
2025-02-24,42.0,5181.0,0.81%,CAD,0.97,40.78,18.75%,31.25%,0.0,0.0,0.0,0.00%
2025-02-23,0.0,0.0,0,CAD,0.0,0.0,0,0,0.0,0.0,0.0,0
2025-02-22,2.0,706.0,0.28%,CAD,0.65,1.29,0.00%,0.00%,0.0,0.0,0.0,0.00%
2025-02-21,37.0,5843.0,0.63%,CAD,0.47,17.31,16.67%,50.00%,0.0,0.0,0.0,0.00%
2025-02-20,42.0,5610.0,0.75%,CAD,0.57,23.79,18.18%,27.27%,2.0,0.0,11.9,4.76%
2025-02-19,61.0,9678.0,0.63%,CAD,0.4,24.51,20.00%,20.00%,0.0,0.0,0.0,0.00%
2025-02-18,40.0,7217.0,0.55%,CAD,0.57,22.8,11.11%,38.89%,1.0,0.0,22.8,2.50%
2025-02-17,28.0,3035.0,0.92%,CAD,0.55,15.38,6.25%,18.75%,0.0,0.0,0.0,0.00%
2025-02-16,0.0,0.0,0,CAD,0.0,0.0,0,0,0.0,0.0,0.0,0
2025-02-15,55.0,7292.0,0.75%,CAD,0.52,28.53,0,0,5.0,0.0,5.71,9.09%
2025-02-14,39.0,7228.0,0.54%,CAD,0.55,21.58,0.00%,0.00%,3.0,0.0,7.19,7.69%
2025-02-13,1.0,1023.0,0.10%,CAD,1.71,1.71,7.14%,14.29%,0.0,0.0,0.0,0.00%
2025-02-12,26.0,3606.0,0.72%,CAD,0.78,20.33,0.00%,50.00%,0.0,0.0,0.0,0.00%
2025-02-11,26.0,2925.0,0.89%,CAD,0.82,21.3,0.00%,33.33%,1.0,0.0,21.3,3.85%
2025-02-10,33.0,5699.0,0.58%,CAD,0.82,27.19,6.25%,50.00%,2.0,0.0,13.6,6.06%
2025-02-09,0.0,0.0,0,CAD,0.0,0.0,0,0,0.0,0.0,0.0,0
2025-02-08,32.0,3515.0,0.91%,CAD,0.86,27.55,0,0,1.0,0.0,27.55,3.13%
2025-02-07,36.0,5020.0,0.72%,CAD,0.89,31.9,5.88%,44.12%,2.0,0.0,15.95,5.56%
2025-02-06,9.0,2413.0,0.37%,CAD,1.37,12.35,6.06%,45.45%,1.0,0.0,12.35,11.11%
2025-02-05,49.0,6550.0,0.75%,CAD,0.63,30.63,20.00%,80.00%,4.0,0.0,7.66,8.16%
2025-02-04,27.0,3586.0,0.75%,CAD,0.62,16.64,4.17%,20.83%,0.0,0.0,0.0,0.00%
2025-02-03,25.0,3899.0,0.64%,CAD,0.66,16.57,5.00%,17.50%,0.0,0.0,0.0,0.00%
2025-02-01,37.0,3021.0,1.22%,CAD,0.63,23.28,0,0,2.0,0.0,11.64,5.41%
2025-01-31,22.0,3062.0,0.72%,CAD,0.64,14.07,0.00%,0.00%,3.0,0.0,4.69,13.64%
2025-01-30,12.0,3191.0,0.38%,CAD,1.32,15.85,9.09%,45.45%,1.0,0.0,15.85,8.33%
2025-01-29,7.0,1908.0,0.37%,CAD,1.97,13.79,5.13%,23.08%,0.0,0.0,0.0,0.00%
2025-01-28,31.0,3634.0,0.85%,CAD,0.78,24.31,4.55%,31.82%,4.0,0.0,6.08,12.90%
2025-01-27,14.0,4395.0,0.32%,CAD,0.99,13.82,5.56%,30.56%,0.0,0.0,0.0,0.00%
2025-01-25,37.0,2810.0,1.32%,CAD,0.71,26.35,0.00%,0.00%,2.0,0.0,13.17,5.41%
2025-01-24,34.0,3609.0,0.94%,CAD,0.68,22.95,11.54%,23.08%,4.0,0.0,5.74,11.76%
2025-01-23,19.0,3954.0,0.48%,CAD,1.06,20.11,0.00%,41.18%,0.0,0.0,0.0,0.00%
2025-01-22,18.0,4894.0,0.37%,CAD,1.57,28.32,14.00%,50.00%,1.0,0.0,28.32,5.56%
2025-01-21,8.0,2348.0,0.34%,CAD,1.96,15.67,5.45%,47.27%,1.0,0.0,15.67,12.50%
2025-01-20,37.0,4205.0,0.88%,CAD,0.76,27.96,8.33%,25.00%,4.0,0.0,6.99,10.81%
2025-01-18,52.0,7835.0,0.66%,CAD,0.79,41.15,0.00%,25.00%,1.0,0.0,41.15,1.92%
2025-01-17,0.0,2026.0,0.00%,CAD,0.0,0.0,6.45%,19.35%,0.0,0.0,0.0,0
2025-01-16,48.0,6170.0,0.78%,CAD,0.65,31.41,0.00%,25.00%,1.0,0.0,31.41,2.08%
2025-01-15,33.0,7054.0,0.47%,CAD,0.64,21.28,5.88%,41.18%,4.0,0.0,5.32,12.12%
2025-01-14,7.0,1132.0,0.62%,CAD,0.9,6.33,6.67%,13.33%,0.0,0.0,0.0,0.00%
2025-01-13,25.0,4866.0,0.51%,CAD,0.77,19.37,6.67%,20.00%,2.0,0.0,9.69,8.00%
2025-01-11,49.0,6342.0,0.77%,CAD,0.53,25.82,0.00%,50.00%,2.0,0.0,12.91,4.08%
2025-01-10,26.0,5190.0,0.50%,CAD,0.97,25.28,7.69%,46.15%,0.0,0.0,0.0,0.00%
2025-01-09,25.0,4222.0,0.59%,CAD,0.97,24.21,14.29%,42.86%,0.0,0.0,0.0,0.00%
2025-01-08,35.0,4931.0,0.71%,CAD,0.98,34.22,13.33%,50.00%,3.0,0.0,11.41,8.57%
2025-01-07,5.0,615.0,0.81%,CAD,1.75,8.75,0.00%,28.00%,0.0,0.0,0.0,0.00%
2025-01-06,38.0,8404.0,0.45%,CAD,0.7,26.46,10.00%,30.00%,2.0,0.0,13.23,5.26%
2025-01-04,31.0,4500.0,0.69%,CAD,0.87,26.87,0.00%,29.03%,2.0,0.0,13.44,6.45%
2025-01-03,3.0,813.0,0.37%,CAD,1.61,4.84,0.00%,42.11%,1.0,0.0,4.84,33.33%
2025-01-02,43.0,5493.0,0.78%,CAD,0.64,27.67,0,0,5.0,0.0,5.53,11.63%
2025-01-01,20.0,4570.0,0.44%,CAD,0.92,18.32,4.55%,50.00%,3.0,0.0,6.11,15.00%
2024-12-31,5.0,2066.0,0.24%,CAD,2.55,12.74,12.50%,25.00%,0.0,0.0,0.0,0.00%
2024-12-30,13.0,2278.0,0.57%,CAD,1.53,19.95,28.57%,42.86%,0.0,0.0,0.0,0.00%
2024-12-28,28.0,3025.0,0.93%,CAD,0.83,23.13,0.00%,0.00%,2.0,0.0,11.56,7.14%
2024-12-27,41.0,3331.0,1.23%,CAD,0.89,36.42,9.52%,42.86%,5.0,0.0,7.28,12.20%
2024-12-26,0.0,858.0,0.00%,CAD,0.0,0.0,11.11%,11.11%,0.0,0.0,0.0,0
2024-12-25,25.0,1646.0,1.52%,CAD,0.96,23.91,28.57%,42.86%,3.0,0.0,7.97,12.00%
2024-12-24,18.0,2709.0,0.66%,CAD,1.33,23.87,30.00%,65.00%,2.0,0.0,11.93,11.11%
2024-12-23,30.0,3675.0,0.82%,CAD,1.39,41.76,10.53%,42.11%,0.0,0.0,0.0,0.00%
2024-12-21,0.0,898.0,0.00%,CAD,0.0,0.0,0.00%,12.50%,0.0,0.0,0.0,0
2024-12-20,31.0,4289.0,0.72%,CAD,0.74,23.03,10.00%,40.00%,3.0,0.0,7.68,9.68%
2024-12-19,23.0,4888.0,0.47%,CAD,0.72,16.66,0.00%,0.00%,2.0,0.0,8.33,8.70%
2024-12-18,20.0,3989.0,0.50%,CAD,0.88,17.56,0.00%,15.79%,3.0,0.0,5.85,15.00%
2024-12-17,18.0,3066.0,0.59%,CAD,1.14,20.57,30.00%,30.00%,2.0,0.0,10.29,11.11%
2024-12-16,13.0,2531.0,0.51%,CAD,1.54,20.03,0.00%,20.00%,0.0,0.0,0.0,0.00%
2024-12-14,7.0,3106.0,0.23%,CAD,2.28,15.94,0.00%,30.77%,1.0,0.0,15.94,14.29%
2024-12-13,22.0,4439.0,0.50%,CAD,0.91,20.05,0.00%,22.22%,0.0,0.0,0.0,0.00%
2024-12-12,12.0,3026.0,0.40%,CAD,1.4,16.84,21.43%,42.86%,3.0,0.0,5.61,25.00%
2024-12-11,23.0,4437.0,0.52%,CAD,1.0,23.07,6.25%,31.25%,0.0,0.0,0.0,0.00%
2024-12-10,9.0,2270.0,0.40%,CAD,2.36,21.21,13.64%,36.36%,0.0,0.0,0.0,0.00%
2024-12-09,8.0,712.0,1.12%,CAD,2.69,21.49,9.52%,28.57%,1.0,0.0,21.49,12.50%
2024-12-07,24.0,2594.0,0.93%,CAD,1.02,24.58,13.33%,33.33%,0.0,0.0,0.0,0.00%
2024-12-06,3.0,716.0,0.42%,CAD,6.94,20.82,25.00%,25.00%,0.0,0.0,0.0,0.00%
2024-12-05,15.0,2783.0,0.54%,CAD,1.58,23.72,33.33%,53.33%,0.0,0.0,0.0,0.00%
2024-12-04,27.0,4422.0,0.61%,CAD,1.2,32.41,30.00%,70.00%,0.0,0.0,0.0,0.00%
2024-12-03,12.0,2257.0,0.53%,CAD,1.72,20.61,15.79%,52.63%,1.0,0.0,20.61,8.33%
2024-12-02,4.0,1338.0,0.30%,CAD,5.79,23.14,32.65%,71.43%,0.0,0.0,0.0,0.00%
2024-11-30,1.0,906.0,0.11%,CAD,5.41,5.41,9.52%,47.62%,0.0,0.0,0.0,0.00%
2024-11-29,0.0,360.0,0.00%,CAD,0.0,0.0,0.00%,20.00%,0.0,0.0,0.0,0
2024-11-28,0.0,0.0,0,CAD,0.0,0.0,0,0,0.0,0.0,0.0,0
2024-11-27,0.0,0.0,0,CAD,0.0,0.0,0,0,0.0,0.0,0.0,0
2024-11-26,0.0,0.0,0,CAD,0.0,0.0,0,0,0.0,0.0,0.0,0
2024-11-25,0.0,0.0,0,CAD,0.0,0.0,0,0,0.0,0.0,0.0,0
2024-11-24,0.0,0.0,0,CAD,0.0,0.0,0,0,0.0,0.0,0.0,0
2024-11-23,0.0,0.0,0,CAD,0.0,0.0,0,0,0.0,0.0,0.0,0
2024-11-22,0.0,0.0,0,CAD,0.0,0.0,0,0,0.0,0.0,0.0,0
2024-11-21,0.0,0.0,0,CAD,0.0,0.0,0,0,0.0,0.0,0.0,0
2024-11-20,0.0,0.0,0,CAD,0.0,0.0,0,0,0.0,0.0,0.0,0
2024-11-19,0.0,0.0,0,CAD,0.0,0.0,0,0,0.0,0.0,0.0,0
2024-11-18,0.0,0.0,0,CAD,0.0,0.0,0,0,0.0,0.0,0.0,0
2024-11-17,0.0,0.0,0,CAD,0.0,0.0,0,0,0.0,0.0,0.0,0
2024-11-16,0.0,0.0,0,CAD,0.0,0.0,0,0,0.0,0.0,0.0,0
2024-11-15,0.0,0.0,0,CAD,0.0,0.0,0,0,0.0,0.0,0.0,0
2024-11-14,0.0,0.0,0,CAD,0.0,0.0,0,0,0.0,0.0,0.0,0
2024-11-13,0.0,0.0,0,CAD,0.0,0.0,0,0,0.0,0.0,0.0,0
2024-11-12,0.0,0.0,0,CAD,0.0,0.0,0,0,0.0,0.0,0.0,0
2024-11-11,0.0,0.0,0,CAD,0.0,0.0,0,0,0.0,0.0,0.0,0
2024-11-10,0.0,0.0,0,CAD,0.0,0.0,0,0,0.0,0.0,0.0,0
2024-11-09,0.0,0.0,0,CAD,0.0,0.0,0,0,0.0,0.0,0.0,0
2024-11-08,0.0,0.0,0,CAD,0.0,0.0,0,0,0.0,0.0,0.0,0
2024-11-07,0.0,0.0,0,CAD,0.0,0.0,0,0,0.0,0.0,0.0,0
2024-11-06,0.0,0.0,0,CAD,0.0,0.0,0,0,0.0,0.0,0.0,0
2024-11-05,0.0,0.0,0,CAD,0.0,0.0,0,0,0.0,0.0,0.0,0
2024-11-04,0.0,0.0,0,CAD,0.0,0.0,0,0,0.0,0.0,0.0,0
2024-11-03,0.0,0.0,0,CAD,0.0,0.0,0,0,0.0,0.0,0.0,0
2024-11-02,0.0,0.0,0,CAD,0.0,0.0,0,0,0.0,0.0,0.0,0
2024-11-01,0.0,0.0,0,CAD,0.0,0.0,0,0,0.0,0.0,0.0,0
2024-10-31,0.0,0.0,0,CAD,0.0,0.0,0,0,0.0,0.0,0.0,0
2024-10-30,0.0,0.0,0,CAD,0.0,0.0,0,0,0.0,0.0,0.0,0
2024-10-29,0.0,0.0,0,CAD,0.0,0.0,0,0,0.0,0.0,0.0,0
2024-10-28,0.0,0.0,0,CAD,0.0,0.0,0,0,0.0,0.0,0.0,0
2024-10-27,0.0,0.0,0,CAD,0.0,0.0,0,0,0.0,0.0,0.0,0
2024-10-26,0.0,0.0,0,CAD,0.0,0.0,0,0,0.0,0.0,0.0,0
2024-10-25,0.0,0.0,0,CAD,0.0,0.0,0,0,0.0,0.0,0.0,0
2024-10-18,57.0,5154.0,1.11%,CAD,0.56,32.03,0.00%,50.00%,2.0,0.0,16.02,3.51%
2024-10-17,29.0,3097.0,0.94%,CAD,0.59,17.21,9.09%,45.45%,1.0,0.0,17.21,3.45%
2024-10-16,33.0,3903.0,0.85%,CAD,0.71,23.53,0.00%,36.36%,1.0,0.0,23.53,3.03%
2024-10-15,21.0,1994.0,1.05%,CAD,0.82,17.14,11.76%,29.41%,3.0,0.0,5.71,14.29%
2024-10-14,24.0,1421.0,1.69%,CAD,1.01,24.21,9.09%,45.45%,3.0,0.0,8.07,12.50%
2024-10-12,22.0,2588.0,0.85%,CAD,0.65,14.38,0.00%,50.00%,2.0,0.0,7.19,9.09%
2024-10-11,22.0,2510.0,0.88%,CAD,1.2,26.39,0.00%,42.86%,4.0,0.0,6.6,18.18%
2024-10-10,27.0,2019.0,1.34%,CAD,1.04,27.99,10.00%,20.00%,2.0,0.0,14.0,7.41%
2024-10-09,2.0,472.0,0.42%,CAD,1.55,3.09,0.00%,33.33%,0.0,0.0,0.0,0.00%
2024-10-08,26.0,1663.0,1.56%,CAD,1.15,29.94,20.00%,50.00%,4.0,0.0,7.48,15.38%
2024-10-07,27.0,2233.0,1.21%,CAD,0.67,18.17,14.29%,28.57%,0.0,0.0,0.0,0.00%
2024-10-05,55.0,9093.0,0.60%,CAD,0.45,24.77,0.00%,33.33%,1.0,0.0,24.77,1.82%
2024-10-04,24.0,4019.0,0.60%,CAD,0.48,11.49,0.00%,0.00%,1.0,0.0,11.49,4.17%
2024-10-03,61.0,8613.0,0.71%,CAD,0.43,26.26,0.00%,100.00%,4.0,0.0,6.57,6.56%
2024-10-02,27.0,3798.0,0.71%,CAD,0.58,15.79,0.00%,33.33%,0.0,0.0,0.0,0.00%
2024-10-01,25.0,3068.0,0.81%,CAD,0.6,15.04,12.50%,12.50%,1.0,0.0,15.04,4.00%
2024-09-30,23.0,2545.0,0.90%,CAD,0.58,13.39,0.00%,9.09%,3.0,0.0,4.46,13.04%
2024-09-28,37.0,4206.0,0.88%,CAD,0.48,17.74,0.00%,0.00%,2.0,0.0,8.87,5.41%
2024-09-27,23.0,1547.0,1.49%,CAD,0.64,14.62,0.00%,55.56%,1.0,0.0,14.62,4.35%
2024-09-26,29.0,3276.0,0.89%,CAD,0.89,25.79,0.00%,44.44%,5.0,0.0,5.16,17.24%
2024-09-25,32.0,4213.0,0.76%,CAD,0.69,22.15,18.18%,72.73%,2.0,0.0,11.07,6.25%
2024-09-24,15.0,2715.0,0.55%,CAD,0.87,13.03,5.00%,55.00%,2.0,0.0,6.51,13.33%
2024-09-23,17.0,3276.0,0.52%,CAD,1.04,17.73,12.12%,60.61%,1.0,0.0,17.73,5.88%
2024-09-21,35.0,3999.0,0.88%,CAD,1.12,39.12,5.88%,88.24%,5.0,0.0,7.82,14.29%
2024-09-20,27.0,5327.0,0.51%,CAD,0.83,22.3,12.00%,56.00%,3.0,0.0,7.43,11.11%
2024-09-19,1.0,1005.0,0.10%,CAD,3.09,3.09,7.41%,51.85%,0.0,0.0,0.0,0.00%
2024-09-18,16.0,2690.0,0.59%,CAD,1.13,18.13,13.64%,59.09%,3.0,0.0,6.04,18.75%
2024-09-17,7.0,929.0,0.75%,CAD,2.83,19.78,25.00%,75.00%,2.0,0.0,9.89,28.57%
2024-09-16,24.0,2453.0,0.98%,CAD,0.9,21.59,15.00%,60.00%,2.0,0.0,10.79,8.33%
2024-09-14,15.0,1290.0,1.16%,CAD,1.56,23.39,50.00%,62.50%,0.0,0.0,0.0,0.00%
2024-09-13,12.0,1172.0,1.02%,CAD,1.49,17.86,18.18%,68.18%,1.0,0.0,17.86,8.33%
2024-09-12,18.0,2198.0,0.82%,CAD,1.52,27.36,10.53%,68.42%,1.0,0.0,27.36,5.56%
2024-09-11,9.0,1109.0,0.81%,CAD,3.05,27.45,0.00%,28.57%,1.0,0.0,27.45,11.11%
2024-09-10,6.0,683.0,0.88%,CAD,2.94,17.66,25.00%,87.50%,0.0,0.0,0.0,0.00%
2024-09-09,15.0,1830.0,0.82%,CAD,2.75,41.25,0.00%,66.67%,0.0,0.0,0.0,0.00%
2024-09-07,4.0,520.0,0.77%,CAD,1.08,4.3,10.26%,56.41%,0.0,0.0,0.0,0.00%
2024-09-06,21.0,1863.0,1.13%,CAD,1.57,32.93,20.83%,70.83%,1.0,0.0,32.93,4.76%
2024-09-05,0.0,511.0,0.00%,CAD,0.0,0.0,11.11%,37.04%,0.0,0.0,0.0,0
2024-09-04,20.0,2488.0,0.80%,CAD,1.3,25.94,12.50%,87.50%,2.0,0.0,12.97,10.00%
2024-09-03,7.0,594.0,1.18%,CAD,3.67,25.71,4.35%,60.87%,0.0,0.0,0.0,0.00%
2024-09-02,20.0,1589.0,1.26%,CAD,1.02,20.31,33.33%,54.17%,0.0,0.0,0.0,0.00%
2024-08-31,0.0,172.0,0.00%,CAD,0.0,0.0,0,0,0.0,0.0,0.0,0
2024-08-30,32.0,2948.0,1.09%,CAD,0.45,14.33,50.00%,50.00%,2.0,0.0,7.17,6.25%
2024-08-29,50.0,5064.0,0.99%,CAD,0.46,23.22,0,0,3.0,0.0,7.74,6.00%
2024-08-28,69.0,8404.0,0.82%,CAD,0.42,28.97,28.57%,100.00%,2.0,0.0,14.49,2.90%
2024-08-27,40.0,4300.0,0.93%,CAD,0.59,23.52,0.00%,83.33%,0.0,0.0,0.0,0.00%
2024-08-26,26.0,3630.0,0.72%,CAD,0.66,17.06,0.00%,50.00%,1.0,0.0,17.06,3.85%
2024-08-24,66.0,9618.0,0.69%,CAD,0.68,44.59,0,0,2.0,0.0,22.29,3.03%
2024-08-23,39.0,7063.0,0.55%,CAD,0.75,29.3,19.05%,66.67%,1.0,0.0,29.3,2.56%
2024-08-22,2.0,344.0,0.58%,CAD,1.19,2.39,0.00%,55.56%,0.0,0.0,0.0,0.00%
2024-08-21,54.0,6550.0,0.82%,CAD,0.53,28.37,28.57%,71.43%,2.0,0.0,14.19,3.70%
2024-08-20,1.0,232.0,0.43%,CAD,1.02,1.02,0.00%,66.67%,0.0,0.0,0.0,0.00%
2024-08-19,39.0,5265.0,0.74%,CAD,0.46,17.79,0.00%,33.33%,3.0,0.0,5.93,7.69%
2024-08-17,82.0,8502.0,0.96%,CAD,0.28,23.3,0.00%,80.00%,2.0,0.0,11.65,2.44%
2024-08-16,66.0,8295.0,0.80%,CAD,0.35,23.08,50.00%,50.00%,3.0,0.0,7.69,4.55%
2024-08-15,49.0,5919.0,0.83%,CAD,0.41,20.1,0.00%,50.00%,1.0,0.0,20.1,2.04%
2024-08-14,40.0,4985.0,0.80%,CAD,0.43,17.31,0.00%,66.67%,1.0,0.0,17.31,2.50%
2024-08-13,64.0,7390.0,0.87%,CAD,0.39,24.97,0.00%,0.00%,1.0,0.0,24.97,1.56%
2024-08-12,51.0,5571.0,0.92%,CAD,0.48,24.72,0.00%,60.00%,0.0,0.0,0.0,0.00%
2024-08-10,62.0,7852.0,0.79%,CAD,0.3,18.8,0.00%,0.00%,1.0,0.0,18.8,1.61%
2024-08-09,36.0,3675.0,0.98%,CAD,0.47,16.9,0.00%,50.00%,0.0,0.0,0.0,0.00%
2024-08-08,75.0,8453.0,0.89%,CAD,0.26,19.23,0.00%,37.50%,6.0,0.0,3.2,8.00%
2024-08-07,55.0,5302.0,1.04%,CAD,0.32,17.63,0.00%,50.00%,3.0,0.0,5.88,5.45%
2024-08-06,72.0,6353.0,1.13%,CAD,0.36,26.11,0,0,2.0,0.0,13.05,2.78%
2024-08-05,45.0,4937.0,0.91%,CAD,0.45,20.34,0.00%,50.00%,3.0,0.0,6.78,6.67%
2024-08-03,50.0,4431.0,1.13%,CAD,0.44,21.78,0.00%,100.00%,0.0,0.0,0.0,0.00%
2024-08-02,41.0,2969.0,1.38%,CAD,0.48,19.55,0,0,5.0,0.0,3.91,12.20%
2024-08-01,44.0,3833.0,1.15%,CAD,0.59,25.9,16.67%,66.67%,1.0,0.0,25.9,2.27%
2024-07-31,24.0,3354.0,0.72%,CAD,0.57,13.62,0.00%,75.00%,0.0,0.0,0.0,0.00%
2024-07-30,29.0,2278.0,1.27%,CAD,0.8,23.28,0.00%,50.00%,2.0,0.0,11.64,6.90%
2024-07-29,26.0,2108.0,1.23%,CAD,0.83,21.57,6.25%,43.75%,2.0,0.0,10.78,7.69%
2024-07-27,0.0,167.0,0.00%,CAD,0.0,0.0,50.00%,50.00%,0.0,0.0,0.0,0
2024-07-26,42.0,3698.0,1.14%,CAD,0.51,21.58,0.00%,50.00%,4.0,0.0,5.39,9.52%
2024-07-25,35.0,2420.0,1.45%,CAD,0.64,22.5,0.00%,50.00%,1.0,0.0,22.5,2.86%
2024-07-24,38.0,4618.0,0.82%,CAD,0.57,21.52,50.00%,50.00%,1.0,0.0,21.52,2.63%
2024-07-23,32.0,3241.0,0.99%,CAD,0.66,21.15,0.00%,52.17%,1.0,0.0,21.15,3.13%
2024-07-22,23.0,2388.0,0.96%,CAD,0.98,22.43,16.00%,56.00%,2.0,0.0,11.22,8.70%
2024-07-20,40.0,2498.0,1.60%,CAD,0.75,29.85,100.00%,100.00%,4.0,0.0,7.46,10.00%
2024-07-19,18.0,2372.0,0.76%,CAD,0.78,14.02,20.00%,72.00%,0.0,0.0,0.0,0.00%
2024-07-18,4.0,754.0,0.53%,CAD,2.06,8.22,0.00%,69.23%,0.0,0.0,0.0,0.00%
2024-07-17,24.0,4802.0,0.50%,CAD,0.72,17.17,13.89%,69.44%,0.0,0.0,0.0,0.00%
2024-07-16,24.0,4674.0,0.51%,CAD,1.02,24.37,26.47%,91.18%,2.0,0.0,12.19,8.33%
2024-07-15,12.0,3428.0,0.35%,CAD,1.44,17.25,16.67%,83.33%,2.0,0.0,8.62,16.67%
2024-07-13,17.0,2811.0,0.60%,CAD,1.03,17.58,25.00%,75.00%,0.0,0.0,0.0,0.00%
2024-07-12,32.0,4329.0,0.74%,CAD,0.92,29.4,14.29%,76.19%,5.0,0.0,5.88,15.63%
2024-07-11,19.0,2566.0,0.74%,CAD,1.06,20.12,24.14%,62.07%,2.0,0.0,10.06,10.53%
2024-07-10,10.0,1298.0,0.77%,CAD,2.11,21.07,33.33%,63.33%,1.0,0.0,21.07,10.00%
2024-07-09,7.0,603.0,1.16%,CAD,3.34,23.41,26.32%,68.42%,1.0,0.0,23.41,14.29%
2024-07-08,16.0,3349.0,0.48%,CAD,1.22,19.6,25.00%,54.17%,4.0,0.0,4.9,25.00%
2024-07-06,21.0,2601.0,0.81%,CAD,0.93,19.62,25.81%,77.42%,1.0,0.0,19.62,4.76%
2024-07-05,6.0,507.0,1.18%,CAD,3.31,19.84,13.33%,60.00%,0.0,0.0,0.0,0.00%
2024-07-04,7.0,1501.0,0.47%,CAD,2.93,20.49,23.53%,52.94%,2.0,0.0,10.24,28.57%
2024-07-03,10.0,1091.0,0.92%,CAD,2.15,21.45,40.00%,73.33%,2.0,0.0,10.73,20.00%
2024-07-02,4.0,154.0,2.60%,CAD,7.43,29.72,28.57%,85.71%,0.0,0.0,0.0,0.00%
2024-07-01,15.0,2349.0,0.64%,CAD,2.22,33.34,25.93%,77.78%,3.0,0.0,11.11,20.00%
2024-06-29,5.0,912.0,0.55%,CAD,1.71,8.56,23.81%,76.19%,0.0,0.0,0.0,0.00%
2024-06-28,25.0,2016.0,1.24%,CAD,1.32,32.91,16.67%,66.67%,4.0,0.0,8.23,16.00%
2024-06-27,2.0,797.0,0.25%,CAD,1.72,3.45,5.00%,80.00%,0.0,0.0,0.0,0.00%
2024-06-26,33.0,4102.0,0.80%,CAD,0.84,27.72,0.00%,63.64%,3.0,0.0,9.24,9.09%
2024-06-25,13.0,2198.0,0.59%,CAD,1.46,19.03,31.25%,93.75%,3.0,0.0,6.34,23.08%
2024-06-24,16.0,3025.0,0.53%,CAD,1.06,16.9,0.00%,55.56%,2.0,0.0,8.45,12.50%
2024-06-22,18.0,2186.0,0.82%,CAD,1.01,18.17,12.50%,100.00%,0.0,0.0,0.0,0.00%
2024-06-21,8.0,1496.0,0.53%,CAD,2.17,17.37,9.62%,82.69%,0.0,0.0,0.0,0.00%
2024-06-20,22.0,2480.0,0.89%,CAD,1.9,41.73,18.18%,75.76%,5.0,0.0,8.35,22.73%
2024-06-19,2.0,948.0,0.21%,CAD,2.8,5.6,17.86%,71.43%,1.0,0.0,5.6,50.00%
2024-06-18,17.0,1850.0,0.92%,CAD,1.39,23.66,19.23%,80.77%,0.0,0.0,0.0,0.00%
2024-06-17,23.0,2002.0,1.15%,CAD,1.23,28.27,28.81%,67.80%,3.0,0.0,9.42,13.04%
2024-06-15,22.0,2144.0,1.03%,CAD,0.71,15.71,0.00%,75.00%,2.0,0.0,7.85,9.09%
2024-06-14,20.0,1821.0,1.10%,CAD,1.13,22.7,37.50%,92.50%,0.0,0.0,0.0,0.00%
2024-06-13,17.0,1844.0,0.92%,CAD,1.05,17.82,10.71%,82.14%,3.0,0.0,5.94,17.65%
2024-06-12,22.0,2036.0,1.08%,CAD,1.43,31.41,18.92%,89.19%,3.0,0.0,10.47,13.64%
2024-06-11,18.0,1546.0,1.16%,CAD,0.91,16.36,12.00%,88.00%,2.0,0.0,8.18,11.11%
2024-06-10,22.0,2789.0,0.79%,CAD,1.0,22.11,25.58%,76.74%,0.0,0.0,0.0,0.00%
2024-06-08,25.0,2829.0,0.88%,CAD,0.76,19.02,30.00%,90.00%,1.0,0.0,19.02,4.00%
2024-06-07,19.0,3974.0,0.48%,CAD,0.84,16.03,40.00%,86.67%,3.0,0.0,5.34,15.79%
2024-06-06,33.0,3653.0,0.90%,CAD,0.82,27.15,34.62%,73.08%,1.0,0.0,27.15,3.03%
2024-06-05,33.0,6795.0,0.49%,CAD,0.61,20.25,13.33%,86.67%,4.0,0.0,5.06,12.12%
2024-06-04,27.0,3405.0,0.79%,CAD,0.64,17.23,5.26%,94.74%,3.0,0.0,5.74,11.11%
2024-06-03,27.0,5239.0,0.52%,CAD,0.66,17.94,52.38%,100.00%,2.0,0.0,8.97,7.41%
2024-06-01,45.0,6574.0,0.68%,CAD,0.5,22.67,0.00%,100.00%,3.0,0.0,7.56,6.67%
2024-05-31,38.0,5053.0,0.75%,CAD,0.68,25.9,20.00%,86.67%,3.0,0.0,8.63,7.89%
2024-05-30,2.0,517.0,0.39%,CAD,1.39,2.78,33.33%,88.89%,0.0,0.0,0.0,0.00%
2024-05-29,17.0,2395.0,0.71%,CAD,0.77,13.16,30.77%,84.62%,2.0,0.0,6.58,11.76%
2024-05-28,16.0,4960.0,0.32%,CAD,0.87,13.94,17.39%,73.91%,0.0,0.0,0.0,0.00%
2024-05-27,11.0,1179.0,0.93%,CAD,1.63,17.96,0.00%,71.43%,5.0,0.0,3.59,45.45%
2024-05-25,20.0,4328.0,0.46%,CAD,1.02,20.33,18.52%,66.67%,1.0,0.0,20.33,5.00%
2024-05-24,11.0,2395.0,0.46%,CAD,1.76,19.33,16.00%,84.00%,1.0,0.0,19.33,9.09%
2024-05-23,14.0,2938.0,0.48%,CAD,1.69,23.61,32.00%,76.00%,8.0,0.0,2.95,57.14%
2024-05-22,14.0,2572.0,0.54%,CAD,1.7,23.83,38.00%,82.00%,1.0,0.0,23.83,7.14%
2024-05-21,16.0,2040.0,0.78%,CAD,2.1,33.62,37.70%,78.69%,4.0,0.0,8.4,25.00%
2024-05-20,20.0,2680.0,0.75%,CAD,2.09,41.79,18.52%,74.07%,3.0,0.0,13.93,15.00%
2024-05-18,1.0,843.0,0.12%,CAD,2.26,2.26,17.07%,75.61%,0.0,0.0,0.0,0.00%
2024-05-17,17.0,2662.0,0.64%,CAD,1.39,23.61,16.67%,80.95%,4.0,0.0,5.9,23.53%
2024-05-16,20.0,1766.0,1.13%,CAD,1.34,26.72,32.65%,91.84%,6.0,0.0,4.45,30.00%
2024-05-15,1.0,772.0,0.13%,CAD,1.81,1.81,8.70%,82.61%,0.0,0.0,0.0,0.00%
2024-05-14,24.0,2074.0,1.16%,CAD,1.21,29.06,23.33%,90.00%,2.0,0.0,14.53,8.33%
2024-05-13,30.0,2846.0,1.05%,CAD,0.86,25.87,33.33%,91.67%,2.0,0.0,12.93,6.67%
2024-05-11,38.0,5866.0,0.65%,CAD,0.63,23.98,60.00%,100.00%,2.0,0.0,11.99,5.26%
2024-05-10,29.0,4246.0,0.68%,CAD,0.6,17.53,52.94%,82.35%,7.0,0.0,2.5,24.14%
2024-05-09,49.0,8997.0,0.54%,CAD,0.47,23.0,11.11%,88.89%,1.0,0.0,23.0,2.04%
2024-05-08,43.0,5095.0,0.84%,CAD,0.49,21.12,60.00%,100.00%,1.0,0.0,21.12,2.33%
2024-05-07,24.0,3867.0,0.62%,CAD,0.62,14.89,7.69%,100.00%,1.0,0.0,14.89,4.17%
2024-05-06,23.0,3562.0,0.65%,CAD,0.77,17.81,20.00%,80.00%,1.0,0.0,17.81,4.35%
2024-05-04,40.0,7835.0,0.51%,CAD,0.63,25.28,0.00%,85.71%,0.0,0.0,0.0,0.00%
2024-05-03,23.0,3693.0,0.62%,CAD,0.8,18.32,5.26%,100.00%,0.0,0.0,0.0,0.00%
2024-05-02,24.0,2951.0,0.81%,CAD,1.18,28.43,18.75%,93.75%,2.0,0.0,14.21,8.33%
2024-05-01,18.0,2926.0,0.62%,CAD,0.84,15.12,35.29%,89.71%,2.0,0.0,7.56,11.11%
2024-04-30,10.0,1631.0,0.61%,CAD,1.88,18.78,35.42%,97.92%,0.0,0.0,0.0,0.00%
2024-04-29,13.0,1835.0,0.71%,CAD,1.48,19.21,47.37%,89.47%,0.0,0.0,0.0,0.00%
2024-04-27,34.0,6856.0,0.50%,CAD,0.71,23.98,71.43%,100.00%,1.0,0.0,23.98,2.94%
2024-04-26,17.0,4279.0,0.40%,CAD,1.13,19.17,41.67%,91.67%,0.0,0.0,0.0,0.00%
2024-04-25,15.0,2820.0,0.53%,CAD,1.01,15.21,29.33%,81.33%,0.0,0.0,0.0,0.00%
2024-04-24,12.0,2779.0,0.43%,CAD,1.72,20.62,28.95%,89.47%,0.0,0.0,0.0,0.00%
2024-04-23,9.0,2570.0,0.35%,CAD,2.35,21.18,38.46%,90.77%,1.0,0.0,21.18,11.11%
2024-04-22,13.0,2437.0,0.53%,CAD,1.66,21.59,36.21%,86.21%,1.0,0.0,21.59,7.69%
2024-04-20,6.0,1016.0,0.59%,CAD,2.74,16.45,45.28%,86.79%,0.0,0.0,0.0,0.00%
2024-04-19,9.0,1907.0,0.47%,CAD,2.56,23.0,51.92%,92.31%,0.0,0.0,0.0,0.00%
2024-04-18,12.0,2410.0,0.50%,CAD,2.17,26.01,34.00%,92.00%,2.0,0.0,13.01,16.67%
2024-04-17,5.0,1163.0,0.43%,CAD,2.95,14.77,40.85%,81.69%,0.0,0.0,0.0,0.00%
2024-04-16,11.0,1918.0,0.57%,CAD,1.85,20.3,26.00%,90.00%,3.0,0.0,6.77,27.27%
2024-04-15,11.0,2671.0,0.41%,CAD,1.84,20.26,48.15%,77.78%,1.0,0.0,20.26,9.09%
2024-04-13,6.0,807.0,0.74%,CAD,3.42,20.54,47.83%,91.30%,2.0,0.0,10.27,33.33%
2024-04-12,16.0,2632.0,0.61%,CAD,1.28,20.54,35.71%,92.86%,0.0,0.0,0.0,0.00%
2024-04-11,5.0,972.0,0.51%,CAD,4.55,22.74,34.78%,89.13%,0.0,0.0,0.0,0.00%
2024-04-10,16.0,2338.0,0.68%,CAD,1.68,26.95,5.56%,83.33%,2.0,0.0,13.48,12.50%
2024-04-09,14.0,3128.0,0.45%,CAD,2.68,37.47,46.34%,89.02%,1.0,0.0,37.47,7.14%
2024-04-08,38.0,6592.0,0.58%,CAD,1.28,48.55,22.22%,55.56%,1.0,0.0,48.55,2.63%
2024-04-04,15.0,3211.0,0.47%,CAD,1.66,24.97,4.76%,47.62%,1.0,0.0,24.97,6.67%
2024-04-03,15.0,2580.0,0.58%,CAD,1.6,23.94,25.00%,25.00%,2.0,0.0,11.97,13.33%
2024-04-02,14.0,3542.0,0.40%,CAD,1.06,14.82,16.67%,66.67%,1.0,0.0,14.82,7.14%
2024-04-01,12.0,2642.0,0.45%,CAD,2.43,29.12,0.00%,50.00%,0.0,0.0,0.0,0.00%
2024-03-30,4.0,387.0,1.03%,CAD,4.73,18.91,0.00%,100.00%,1.0,0.0,18.91,25.00%
2024-03-29,15.0,2687.0,0.56%,CAD,1.8,26.99,0.00%,66.67%,1.0,0.0,26.99,6.67%
2024-03-28,32.0,4749.0,0.67%,CAD,0.91,29.23,31.25%,56.25%,3.0,0.0,9.74,9.38%
2024-03-27,18.0,3394.0,0.53%,CAD,1.26,22.74,0.00%,46.43%,3.0,0.0,7.58,16.67%
2024-03-26,28.0,4657.0,0.60%,CAD,0.91,25.46,23.08%,53.85%,5.0,0.0,5.09,17.86%
2024-03-25,19.0,1920.0,0.99%,CAD,1.36,25.78,15.00%,60.00%,1.0,0.0,25.78,5.26%
2024-03-23,0.0,14.0,0.00%,CAD,0.0,0.0,0.00%,20.00%,0.0,0.0,0.0,0
2024-03-22,24.0,5243.0,0.46%,CAD,0.76,18.33,100.00%,100.00%,1.0,0.0,18.33,4.17%
2024-03-21,59.0,11071.0,0.53%,CAD,0.43,25.53,0.00%,0.00%,2.0,0.0,12.77,3.39%
2024-03-20,23.0,4505.0,0.51%,CAD,0.83,19.1,10.00%,50.00%,2.0,0.0,9.55,8.70%
2024-03-19,18.0,3542.0,0.51%,CAD,0.92,16.64,0.00%,0.00%,2.0,0.0,8.32,11.11%
2024-03-18,21.0,3606.0,0.58%,CAD,0.93,19.59,19.23%,88.46%,3.0,0.0,6.53,14.29%
2024-03-16,18.0,5437.0,0.33%,CAD,0.87,15.6,41.67%,100.00%,1.0,0.0,15.6,5.56%
2024-03-15,17.0,5218.0,0.33%,CAD,1.13,19.26,12.50%,87.50%,1.0,0.0,19.26,5.88%
2024-03-14,18.0,4512.0,0.40%,CAD,1.25,22.47,35.00%,85.00%,1.0,0.0,22.47,5.56%
2024-03-13,9.0,2123.0,0.42%,CAD,1.48,13.31,47.06%,76.47%,0.0,0.0,0.0,0.00%
2024-03-12,5.0,461.0,1.08%,CAD,5.31,26.56,45.95%,94.59%,1.0,0.0,26.56,20.00%
2024-03-11,21.0,2349.0,0.89%,CAD,1.77,37.18,41.67%,91.67%,2.0,0.0,18.59,9.52%
2024-03-09,45.0,7564.0,0.59%,CAD,0.77,34.73,10.00%,60.00%,4.0,0.0,8.68,8.89%
2024-03-08,1.0,490.0,0.20%,CAD,1.78,1.78,0.00%,0.00%,0.0,0.0,0.0,0.00%
2024-03-07,24.0,5281.0,0.45%,CAD,0.73,17.48,12.50%,87.50%,1.0,0.0,17.48,4.17%
2024-03-06,47.0,11172.0,0.42%,CAD,0.57,26.86,10.53%,73.68%,3.0,1.0,8.95,6.38%
2024-03-05,29.0,6328.0,0.46%,CAD,0.83,24.2,13.64%,72.73%,0.0,0.0,0.0,0.00%
2024-03-04,17.0,2439.0,0.70%,CAD,1.29,21.92,9.38%,56.25%,0.0,0.0,0.0,0.00%
2024-03-02,37.0,7539.0,0.49%,CAD,0.45,16.66,0.00%,0.00%,0.0,0.0,0.0,0.00%
2024-03-01,25.0,3808.0,0.66%,CAD,0.6,15.04,50.00%,75.00%,3.0,0.0,5.01,12.00%
2024-02-29,24.0,5127.0,0.47%,CAD,0.57,13.63,0.00%,80.00%,0.0,0.0,0.0,0.00%
2024-02-28,23.0,8963.0,0.26%,CAD,0.55,12.6,17.65%,82.35%,0.0,0.0,0.0,0.00%
2024-02-27,17.0,3061.0,0.56%,CAD,1.08,18.4,27.27%,90.91%,1.0,0.0,18.4,5.88%
2024-02-26,17.0,2746.0,0.62%,CAD,0.92,15.62,29.03%,70.97%,1.0,0.0,15.62,5.88%
2024-02-24,22.0,2845.0,0.77%,CAD,0.62,13.55,0.00%,71.43%,1.0,0.0,13.55,4.55%
2024-02-23,15.0,1832.0,0.82%,CAD,1.36,20.46,22.22%,100.00%,1.0,0.0,20.46,6.67%
2024-02-22,16.0,2151.0,0.74%,CAD,1.48,23.62,20.00%,90.00%,0.0,0.0,0.0,0.00%
2024-02-21,17.0,1355.0,1.25%,CAD,1.51,25.68,28.57%,85.71%,2.0,0.0,12.84,11.76%
2024-02-20,6.0,956.0,0.63%,CAD,4.4,26.37,25.93%,77.78%,0.0,0.0,0.0,0.00%
2024-02-19,21.0,2285.0,0.92%,CAD,1.64,34.39,3.57%,75.00%,4.0,0.0,8.6,19.05%
2024-02-17,31.0,6502.0,0.48%,CAD,0.64,19.95,33.33%,75.00%,4.0,0.0,4.99,12.90%
2024-02-16,35.0,4094.0,0.85%,CAD,0.81,28.31,10.00%,70.00%,3.0,0.0,9.44,8.57%
2024-02-15,53.0,8660.0,0.61%,CAD,0.7,37.29,37.50%,75.00%,4.0,0.0,9.32,7.55%
2024-02-14,0.0,249.0,0.00%,CAD,0.0,0.0,0.00%,66.67%,0.0,0.0,0.0,0
2024-02-13,19.0,4002.0,0.47%,CAD,0.69,13.19,0.00%,40.00%,0.0,0.0,0.0,0.00%
2024-02-12,23.0,4223.0,0.54%,CAD,0.82,18.96,6.67%,60.00%,2.0,0.0,9.48,8.70%
2024-02-10,46.0,8150.0,0.56%,CAD,0.47,21.55,0.00%,100.00%,1.0,0.0,21.55,2.17%
2024-02-09,34.0,5424.0,0.63%,CAD,0.61,20.64,40.00%,100.00%,1.0,0.0,20.64,2.94%
2024-02-08,25.0,3609.0,0.69%,CAD,0.78,19.56,0.00%,50.00%,2.0,0.0,9.78,8.00%
2024-02-07,21.0,2797.0,0.75%,CAD,1.06,22.26,10.00%,90.00%,0.0,0.0,0.0,0.00%
2024-02-06,23.0,5026.0,0.46%,CAD,0.89,20.47,0.00%,83.33%,2.0,0.0,10.24,8.70%
2024-02-05,28.0,4923.0,0.57%,CAD,1.11,31.08,7.69%,53.85%,0.0,0.0,0.0,0.00%
2024-02-03,41.0,7019.0,0.58%,CAD,0.58,23.7,0.00%,66.67%,4.0,0.0,5.93,9.76%
2024-02-02,21.0,4255.0,0.49%,CAD,0.73,15.26,100.00%,100.00%,1.0,2.0,15.26,4.76%
2024-02-01,21.0,2127.0,0.99%,CAD,0.82,17.23,25.00%,58.33%,1.0,0.0,17.23,4.76%
2024-01-31,10.0,2564.0,0.39%,CAD,1.11,11.12,7.69%,38.46%,2.0,0.0,5.56,20.00%
2024-01-30,15.0,1668.0,0.90%,CAD,1.27,19.06,27.78%,83.33%,2.0,0.0,9.53,13.33%
2024-01-29,13.0,1970.0,0.66%,CAD,2.0,26.02,46.15%,92.31%,3.0,0.0,8.67,23.08%
2024-01-27,33.0,6360.0,0.52%,CAD,0.87,28.71,40.00%,100.00%,2.0,0.0,14.36,6.06%
2024-01-26,21.0,4907.0,0.43%,CAD,1.26,26.44,21.43%,78.57%,4.0,0.0,6.61,19.05%
2024-01-25,20.0,4816.0,0.42%,CAD,1.16,23.27,20.00%,70.00%,2.0,0.0,11.63,10.00%
2024-01-24,1.0,387.0,0.26%,CAD,2.48,2.48,21.05%,89.47%,0.0,0.0,0.0,0.00%
2024-01-23,31.0,7833.0,0.40%,CAD,1.12,34.8,14.29%,57.14%,4.0,0.0,8.7,12.90%
2024-01-22,37.0,4881.0,0.76%,CAD,0.89,33.03,31.58%,84.21%,3.0,0.0,11.01,8.11%
2024-01-20,1.0,239.0,0.42%,CAD,2.1,2.1,100.00%,100.00%,0.0,0.0,0.0,0.00%
2024-01-19,36.0,10168.0,0.35%,CAD,0.5,17.94,16.67%,83.33%,1.0,0.0,17.94,2.78%
2024-01-18,21.0,7492.0,0.28%,CAD,0.93,19.58,0.00%,83.33%,3.0,0.0,6.53,14.29%
2024-01-17,17.0,2921.0,0.58%,CAD,1.01,17.14,18.18%,63.64%,1.0,0.0,17.14,5.88%
2024-01-16,21.0,2870.0,0.73%,CAD,1.2,25.3,60.00%,93.33%,3.0,0.0,8.43,14.29%
2024-01-15,21.0,2689.0,0.78%,CAD,1.13,23.66,30.00%,60.00%,2.0,0.0,11.83,9.52%
2024-01-13,34.0,4661.0,0.73%,CAD,1.15,39.04,44.44%,77.78%,2.0,0.0,19.52,5.88%
2024-01-12,20.0,4107.0,0.49%,CAD,1.57,31.3,50.00%,92.11%,1.0,0.0,31.3,5.00%
2024-01-11,0.0,255.0,0.00%,CAD,0.0,0.0,18.75%,75.00%,0.0,0.0,0.0,0
2024-01-10,24.0,7259.0,0.33%,CAD,0.84,20.14,0.00%,60.00%,1.0,0.0,20.14,4.17%
2024-01-09,35.0,8897.0,0.39%,CAD,0.67,23.49,0.00%,91.67%,1.0,0.0,23.49,2.86%
2024-01-08,26.0,6178.0,0.42%,CAD,0.83,21.59,16.67%,50.00%,2.0,1.0,10.8,7.69%
2024-01-06,65.0,10742.0,0.61%,CAD,0.66,42.95,0.00%,100.00%,3.0,1.0,14.32,4.62%
2024-01-05,0.0,244.0,0.00%,CAD,0.0,0.0,100.00%,100.00%,0.0,0.0,0.0,0
2024-01-04,44.0,6757.0,0.65%,CAD,0.55,24.34,66.67%,100.00%,5.0,9.0,4.87,11.36%
2024-01-03,21.0,3820.0,0.55%,CAD,0.6,12.7,0.00%,75.00%,0.0,0.0,0.0,0.00%
2024-01-02,24.0,2794.0,0.86%,CAD,1.12,26.8,42.86%,71.43%,3.0,0.0,8.93,12.50%
2024-01-01,19.0,4175.0,0.46%,CAD,0.67,12.76,12.50%,62.50%,0.0,0.0,0.0,0.00%
2023-12-30,15.0,2511.0,0.60%,CAD,0.76,11.35,0.00%,60.00%,1.0,0.0,11.35,6.67%
2023-12-29,14.0,2111.0,0.66%,CAD,1.05,14.65,20.00%,86.67%,2.0,0.0,7.33,14.29%
2023-12-28,14.0,1595.0,0.88%,CAD,1.7,23.83,100.00%,100.00%,2.0,4.0,11.92,14.29%
2023-12-27,15.0,2306.0,0.65%,CAD,1.37,20.57,14.29%,57.14%,1.0,0.0,20.57,6.67%
2023-12-26,23.0,3405.0,0.68%,CAD,1.46,33.69,25.00%,100.00%,1.0,0.0,33.69,4.35%
2023-12-25,21.0,4153.0,0.51%,CAD,1.65,34.58,42.86%,85.71%,3.0,0.0,11.53,14.29%
2023-12-23,0.0,471.0,0.00%,CAD,0.0,0.0,0.00%,33.33%,0.0,0.0,0.0,0
2023-12-22,28.0,3314.0,0.84%,CAD,0.81,22.68,0.00%,100.00%,0.0,44.0,0.0,0.00%
2023-12-21,17.0,1471.0,1.16%,CAD,1.16,19.69,0.00%,50.00%,3.0,0.0,6.56,17.65%
2023-12-20,16.0,1557.0,1.03%,CAD,1.14,18.29,33.33%,100.00%,1.0,0.0,18.29,6.25%
2023-12-19,20.0,2762.0,0.72%,CAD,1.48,29.51,45.45%,90.91%,2.0,0.0,14.76,10.00%
2023-12-18,14.0,2437.0,0.57%,CAD,1.0,14.06,35.71%,78.57%,1.0,0.0,14.06,7.14%
2023-12-16,36.0,4028.0,0.89%,CAD,0.86,30.94,0.00%,100.00%,1.0,0.0,30.94,2.78%
2023-12-15,16.0,3396.0,0.47%,CAD,1.12,17.85,0.00%,40.00%,0.0,0.0,0.0,0.00%
2023-12-14,12.0,1277.0,0.94%,CAD,1.88,22.59,57.14%,71.43%,3.0,0.0,7.53,25.00%
2023-12-13,15.0,2192.0,0.68%,CAD,1.47,22.1,33.33%,88.89%,0.0,0.0,0.0,0.00%
2023-12-12,6.0,1175.0,0.51%,CAD,2.07,12.4,54.55%,100.00%,0.0,0.0,0.0,0.00%
2023-12-11,13.0,1530.0,0.85%,CAD,2.82,36.69,40.00%,75.00%,1.0,0.0,36.69,7.69%
2023-12-09,0.0,106.0,0.00%,CAD,0.0,0.0,0,0,0.0,0.0,0.0,0
2023-12-08,17.0,1693.0,1.00%,CAD,1.14,19.42,42.86%,100.00%,5.0,0.0,3.88,29.41%
2023-12-07,10.0,1469.0,0.68%,CAD,1.27,12.69,30.00%,80.00%,1.0,0.0,12.69,10.00%
2023-12-06,25.0,3162.0,0.79%,CAD,0.93,23.29,48.00%,80.00%,2.0,0.0,11.65,8.00%
2023-12-05,11.0,854.0,1.29%,CAD,2.09,23.04,80.00%,100.00%,2.0,0.0,11.52,18.18%
2023-12-04,6.0,1227.0,0.49%,CAD,4.94,29.64,50.00%,50.00%,2.0,0.0,14.82,33.33%
2023-12-02,19.0,1545.0,1.23%,CAD,1.37,26.1,0,0,1.0,0.0,26.1,5.26%
2023-12-01,9.0,2288.0,0.39%,CAD,2.06,18.54,7.69%,84.62%,0.0,0.0,0.0,0.00%
2023-11-30,23.0,2385.0,0.96%,CAD,1.65,37.96,28.00%,68.00%,5.0,0.0,7.59,21.74%
2023-11-29,0.0,490.0,0.00%,CAD,0.0,0.0,47.62%,71.43%,0.0,0.0,0.0,0
2023-11-28,8.0,1026.0,0.78%,CAD,2.8,22.42,20.00%,73.33%,2.0,0.0,11.21,25.00%
2023-11-27,19.0,2592.0,0.73%,CAD,1.68,31.88,28.57%,78.57%,5.0,0.0,6.38,26.32%
2023-11-25,0.0,198.0,0.00%,CAD,0.0,0.0,0.00%,66.67%,0.0,0.0,0.0,0
2023-11-24,13.0,1787.0,0.73%,CAD,1.3,16.92,37.50%,87.50%,1.0,0.0,16.92,7.69%
2023-11-23,11.0,1194.0,0.92%,CAD,1.68,18.53,30.43%,82.61%,3.0,0.0,6.18,27.27%
2023-11-22,17.0,1951.0,0.87%,CAD,1.57,26.62,22.22%,83.33%,1.0,0.0,26.62,5.88%
2023-11-21,13.0,1231.0,1.06%,CAD,1.65,21.51,32.35%,82.35%,2.0,0.0,10.76,15.38%
2023-11-20,29.0,2858.0,1.01%,CAD,1.34,38.81,36.84%,78.95%,2.0,0.0,19.4,6.90%
2023-11-18,0.0,111.0,0.00%,CAD,0.0,0.0,0.00%,100.00%,0.0,0.0,0.0,0
2023-11-17,26.0,3420.0,0.76%,CAD,0.77,19.93,33.33%,83.33%,1.0,0.0,19.93,3.85%
2023-11-16,32.0,2958.0,1.08%,CAD,0.68,21.63,20.00%,80.00%,3.0,0.0,7.21,9.38%
2023-11-15,14.0,1330.0,1.05%,CAD,1.14,15.92,22.22%,77.78%,1.0,0.0,15.92,7.14%
2023-11-14,20.0,2068.0,0.97%,CAD,0.99,19.87,28.57%,100.00%,3.0,0.0,6.62,15.00%
2023-11-13,14.0,1559.0,0.90%,CAD,1.14,16.0,25.00%,75.00%,1.0,0.0,16.0,7.14%
2023-11-11,30.0,3192.0,0.94%,CAD,0.95,28.46,0.00%,20.00%,2.0,0.0,14.23,6.67%
2023-11-10,22.0,2576.0,0.85%,CAD,1.04,22.83,14.29%,85.71%,2.0,0.0,11.41,9.09%
2023-11-09,1.0,251.0,0.40%,CAD,0.65,0.65,7.69%,84.62%,0.0,0.0,0.0,0.00%
2023-11-08,13.0,1348.0,0.96%,CAD,1.38,17.99,44.83%,75.86%,5.0,0.0,3.6,38.46%
2023-11-07,13.0,1383.0,0.94%,CAD,1.58,20.51,33.33%,66.67%,3.0,0.0,6.84,23.08%
2023-11-06,8.0,663.0,1.21%,CAD,2.76,22.11,27.27%,72.73%,0.0,0.0,0.0,0.00%
2023-11-04,24.0,2132.0,1.13%,CAD,1.64,39.27,16.67%,83.33%,2.0,1.0,19.63,8.33%
2023-11-03,20.0,1771.0,1.13%,CAD,1.28,25.54,24.14%,82.76%,0.0,0.0,0.0,0.00%
2023-11-02,6.0,451.0,1.33%,CAD,2.24,13.45,33.33%,80.00%,1.0,0.0,13.45,16.67%
2023-11-01,12.0,1160.0,1.03%,CAD,1.19,14.27,28.00%,80.00%,2.0,0.0,7.14,16.67%
2023-10-31,5.0,432.0,1.16%,CAD,2.78,13.9,38.10%,76.19%,1.0,0.0,13.9,20.00%
2023-10-30,9.0,764.0,1.18%,CAD,2.63,23.69,18.75%,81.25%,1.0,0.0,23.69,11.11%
2023-10-28,21.0,1529.0,1.37%,CAD,1.61,33.73,50.00%,100.00%,5.0,0.0,6.75,23.81%
2023-10-27,17.0,2112.0,0.80%,CAD,1.12,19.03,22.22%,88.89%,1.0,0.0,19.03,5.88%
2023-10-26,1.0,283.0,0.35%,CAD,2.34,2.34,0.00%,63.64%,0.0,0.0,0.0,0.00%
2023-10-25,12.0,1001.0,1.20%,CAD,1.81,21.74,45.83%,91.67%,1.0,0.0,21.74,8.33%
2023-10-24,16.0,1781.0,0.90%,CAD,1.35,21.54,0,0,0.0,0.0,0.0,0.00%
2023-10-23,15.0,1870.0,0.80%,CAD,1.11,16.61,55.56%,77.78%,1.0,0.0,16.61,6.67%
2023-10-21,30.0,1871.0,1.60%,CAD,0.7,21.01,0.00%,50.00%,13.0,0.0,1.62,43.33%
2023-10-20,28.0,3534.0,0.79%,CAD,0.6,16.76,0.00%,100.00%,0.0,0.0,0.0,0.00%
2023-10-19,32.0,4530.0,0.71%,CAD,0.72,23.1,0,0,0.0,0.0,0.0,0.00%
2023-10-18,21.0,1710.0,1.23%,CAD,0.93,19.57,50.00%,66.67%,0.0,0.0,0.0,0.00%
2023-10-17,23.0,2680.0,0.86%,CAD,0.86,19.74,25.00%,75.00%,0.0,0.0,0.0,0.00%
2023-10-16,16.0,962.0,1.66%,CAD,0.91,14.6,0.00%,66.67%,1.0,2.0,14.6,6.25%
2023-10-14,23.0,2610.0,0.88%,CAD,1.03,23.66,60.00%,100.00%,0.0,0.0,0.0,0.00%
2023-10-13,20.0,1824.0,1.10%,CAD,1.24,24.72,25.00%,62.50%,2.0,0.0,12.36,10.00%
2023-10-12,9.0,1366.0,0.66%,CAD,1.3,11.7,7.14%,85.71%,0.0,0.0,0.0,0.00%
2023-10-11,14.0,1532.0,0.91%,CAD,1.85,25.9,48.57%,88.57%,4.0,0.0,6.47,28.57%
2023-10-10,26.0,2318.0,1.12%,CAD,1.42,36.89,20.00%,50.00%,5.0,0.0,7.38,19.23%
2023-10-09,25.0,3273.0,0.76%,CAD,1.16,29.12,40.00%,100.00%,5.0,0.0,5.82,20.00%
2023-10-07,0.0,131.0,0.00%,CAD,0.0,0.0,0.00%,100.00%,0.0,0.0,0.0,0
2023-10-06,16.0,938.0,1.71%,CAD,1.3,20.86,20.00%,86.67%,1.0,0.0,20.86,6.25%
2023-10-05,14.0,1975.0,0.71%,CAD,1.14,15.91,23.08%,76.92%,2.0,3.0,7.96,14.29%
2023-10-04,8.0,1247.0,0.64%,CAD,1.6,12.78,20.00%,66.67%,3.0,0.0,4.26,37.50%
2023-10-03,13.0,1870.0,0.70%,CAD,1.65,21.45,20.00%,65.00%,1.0,0.0,21.45,7.69%
2023-10-02,15.0,3219.0,0.47%,CAD,1.64,24.64,8.33%,75.00%,3.0,0.0,8.21,20.00%
2023-09-30,0.0,188.0,0.00%,CAD,0.0,0.0,0.00%,100.00%,0.0,0.0,0.0,0
2023-09-29,21.0,2588.0,0.81%,CAD,0.8,16.71,0,0,1.0,0.0,16.71,4.76%
2023-09-28,19.0,1860.0,1.02%,CAD,1.2,22.84,0.00%,100.00%,2.0,0.0,11.42,10.53%
2023-09-27,14.0,2367.0,0.59%,CAD,1.05,14.67,28.57%,85.71%,0.0,0.0,0.0,0.00%
2023-09-26,18.0,2241.0,0.80%,CAD,0.95,17.18,31.25%,93.75%,3.0,0.0,5.73,16.67%
2023-09-25,18.0,3003.0,0.60%,CAD,1.09,19.54,16.67%,88.89%,0.0,0.0,0.0,0.00%
2023-09-23,18.0,1411.0,1.28%,CAD,1.3,23.4,16.67%,100.00%,6.0,5.0,3.9,33.33%
2023-09-22,13.0,2125.0,0.61%,CAD,1.76,22.88,0.00%,100.00%,2.0,0.0,11.44,15.38%
2023-09-21,18.0,2011.0,0.90%,CAD,1.19,21.37,9.52%,90.48%,3.0,0.0,7.12,16.67%
2023-09-20,17.0,2343.0,0.73%,CAD,1.44,24.53,20.83%,100.00%,5.0,0.0,4.91,29.41%
2023-09-19,2.0,462.0,0.43%,CAD,2.69,5.37,6.67%,93.33%,0.0,0.0,0.0,0.00%
2023-09-18,21.0,1783.0,1.18%,CAD,1.87,39.25,13.51%,78.38%,7.0,0.0,5.61,33.33%
2023-09-16,56.0,3452.0,1.62%,CAD,0.6,33.43,17.65%,82.35%,1.0,0.0,33.43,1.79%
2023-09-15,54.0,5593.0,0.97%,CAD,0.5,26.78,9.68%,87.10%,0.0,0.0,0.0,0.00%
2023-09-14,1.0,518.0,0.19%,CAD,0.22,0.22,18.75%,75.00%,0.0,0.0,0.0,0.00%
2023-09-13,1.0,197.0,0.51%,CAD,3.47,3.47,0.00%,66.67%,0.0,0.0,0.0,0.00%
